,username,description,location,text,hashtags
0,101C10L,,Unknown,@meg122t @NoahShachtman Focus on Black on Black crime and you'll be very successful.,[]
1,AdityaRajKaul,"Journalist. National Security, Diplomacy, Conflict. Tedx Speaker. @ACYPL Fellow. Kashmiri. Reportage: @CBCNews @TimesNow @CNNNews18 @CTVnews @TimesofIndia","New Delhi, India","An innocent Hindu minority in Pakistan Notan Lal has been convinced to life sentence for a crime he did not commit in Sindh, Pakistan. That too blasphemy. This is how Pak commits atrocities against minorities with state approval. Will @StateDept @MEAIndia @DrSJaishankar speak up? https://t.co/FghOoL1pWX",[]
2,fahadYousafxi,student ğŸ‘¨â€ğŸ“ of CUSIT Peshawar (future Engineer). â€œHistory Games Science Fitness & Wellnessâ€,"Charsadda, Pakistan","Does Any Religion on Earth permit this CRIME against a Woman ?

Is this What ?  Will Majority Indians Still Remain Silent and Mute Spectators.? 

Salute to this Brave Girl. 

#HijabRow https://t.co/R51nPQnczg",['HijabRow']
3,Shamas_Ul_Islam,Allah has a reason for  allowing things to happen. We may never understand his wisdom but we simply have to trust his will.,Muzaffarabad ,Does Any Religion on Earth permit this CRIME against a Woman ?  Is this What ?  Will Majority Indians Still Remain Silent and Mute Spectators.?   Salute to this Brave Girl.... https://t.co/Ymiex1EF7c,[]
4,TimesNow,TIMES NOW is Indiaâ€™s most watched English news channel. Follow for lightning fast #BreakingNews and #Alerts.,India,"#Chennai: A man posing as a medical practitioner rented a clinic at Avadi &amp; duped a woman patient of gold jewellery worth Rs 2 lakh. 

#Crime 

https://t.co/G7sMaqUo0r","['Chennai', 'Crime']"
5,rajrahul28,"à¤­à¤¾à¤°à¤¤ à¤•à¥‡ à¤¸à¤‚à¤µà¤¿à¤§à¤¾à¤¨ à¤•à¥‡ à¤…à¤²à¤¾à¤µà¤¾ à¤•à¤¿à¤¸à¥€ à¤”à¤° à¤µà¤¿à¤šà¤¾à¤°à¤§à¤¾à¤°à¤¾ à¤®à¥‡à¤‚ à¤•à¥‹à¤ˆ à¤¦à¤¿à¤²à¤šà¤¸à¥à¤ªà¥€ à¤¨à¤¹à¥€à¥¤
à¤®à¤¹à¤¿à¤²à¤¾ à¤¬à¤¿à¤°à¥‹à¤§à¥€ à¤¸à¥‹à¤š à¤¸à¥‡ à¤¨à¤«à¤°à¤¤ à¤¹à¥ˆà¥¤",BIHAR,"@RubikaLiyaquat My opinion on this commotion, is there OBC children in it, if it is, then it is a crime, he should get the death penalty. The upper caste children must be doing this for the sake of their religion. Hijab, veil should not be imposed on anyone, yes if someone wears it freely",[]
6,mehmuer,I am what I am,"Mumbai, India","@gangavasudev Haye same babe same...imma send u a pic of my bookshelf with their collection cause haye I've found my buddy ğŸ˜â¤ï¸ aka my partner in crime tbh ğŸ˜ğŸ¥³

Ooh I get u â¤ï¸",[]
7,ThePreCambrian,Ù…Ø­Ø¬ÙˆØ± Ùˆ Ù…ÛØ¬ÙˆØ±,Pakistan,Now we know why street crime is on rise in Karachi. https://t.co/H9y9OOXjgz,[]
8,JayMightWin,He/they - Singlet - Iâ€™m just here for the funny Velvet tweets but I somehow get caught up in other things,In bed,"@aidanrry See this is awkward, for a long while I was sure it was Crime boys and DNF who roped me in. But last year I was clearing storage going back through 2019 photos and clearing stuff from my danplan phase and I found a random screenshot from a Quackity minecraft youtube video, soâ€¦",[]
9,Sreenivas_4567,"MRA, and dream of Gender Neutral Society",india,"If man have sex with women, while dating, it's a crime

But, women can adultery, even in marriage, then it's a legal right
What kind of constitutional law is it

Sometimes, I feel that, ur mother committed adultery &amp; you people are born?
@rashtrapatibhvn @VPSecretariat @PMOIndia https://t.co/Mr6LA68ykq",[]
10,ahmersatti90,"Working in the field of sports since 2010. Sports correspondent @CricWick, Radio Broadcaster @DostiFM98. Worked for @PTVHomeOfficial, @Kay2tv @_cricingif",Islamabad,"@asadfacts Young boy he is not overrated but at that stage of his career exposing him in front of the side and country where our legendary bowlers struggled was a crime. At that stage Naseem Shah was at his earliest stages. They cheat the process, process cheated them too",[]
11,ihave_noplan,"A humble servant of Allah ||
25 years old || Doing MBA ğŸ‡µğŸ‡° || Freelancer || Ambivert || Free ğŸ‡µğŸ‡¸","Bahawalpur, Pakistan",@desiJaneAusten @flourrite Crime thrillers? ğŸ¤,[]
12,ebrahimec1,âš½ = life | Ø¥Ø¨Ø±Ø§Ù‡ÙŠÙ… Ù†ÙˆØ­ ~,jdh,I rated The Crime (2021) 3/10  #IMDb https://t.co/BktR6rZzaF,['IMDb']
13,AdvVasukukreja,Vice President Legal Cell Bhim Army/Azad Samaj Party (Delhi) Social /Sikh Rights  Activist .  ExLegal Cell Conveyor Sanyukt Kissan Morcha #KissanEktaZindabad,"New Delhi, India","We live in India , where liquor shops are open but schools are closed , we live in india where ghunghat is a manner and wearing hijab is a crime , we live in India where caste of individuals matter #BJPHateFactory #HijabIsIndividualRight","['BJPHateFactory', 'HijabIsIndividualRight']"
14,UmAiRRizv1,"Politicals Analyst | social media influencer
 | blogger | Student |
#MediaCellTLP

Ø®Ø§Ø¯Ù… ØªØ­Ø±ÛŒÚ©Ù Ù„Ø¨ÛŒÙ€Ù€Ù€Ù€Ù€Ù€Ù€Ù€Ù€Ù€Ù€Ù€Ú© Ù¾Ø§Ú©Ø³ØªØ§Ù†ğŸ‡µğŸ‡°","Rawalpindi, Pakistan","Does Any Religion on Earth permit this CRIME against a Woman ?

Is this What ?  Will Majority Indians Still Remain Silent and Mute Spectators.? 
Salute to this Brave Girl. 
@TLPMarkaz22
@samiabrahim
#Hijab
#AllahHuAkbar
#MuslimGirls
#ImamKhadimHussainRizvi
#TehreekLabbaikPakistan https://t.co/GlnDOTgIIz","['Hijab', 'AllahHuAkbar', 'MuslimGirls', 'ImamKhadimHussainRizvi', 'TehreekLabbaikPakistan']"
15,Sonaliharipriya,Shri Vaisnava,"New Delhi, India","@rewatiramanray @vinit7557 @MakrandParanspe @ARanganathan72 Tax evasion is indeed a crime but tax evasion is not unethical in India from utilitarian school of ethics. 

Tax is often used for the betterment of unproductive people",[]
16,Oindrojalik,"'Sha Naqba Imuru' is the opening line in the Epic of Gilgamesh which means 'He who sees the unknown'. No leisure for physics, music, astronomy or computation.","Kolkata, India","""If sending migrants home was a crime then Modi seems to have forgotten his own â€˜complicity in itâ€™, for it was the Union government, after all, that ran specialÂ shramikÂ trains to transport workers back home.""

https://t.co/PPmCxln7Cc",[]
17,SumanSmita,PROUD INDIANğŸ‡®ğŸ‡³, India,"God never forgives those who do wrong {crime}in the name of God.
Sharam aa rhi h ab mujhe ye sb dekh kr ki hmare country me log sirf religion and caste krte rehte h,Yaha pe logo ko dusre ko hurt n pareshan krne me maza aata h sirf khud ke satisfaction ke liye,selfishğŸ˜
#shameful",['shameful']
18,reavan,"PCC standing for both Plastic Chair Critic as well as Politics, Cinema and Cricket",Coimbatore,"The #ArabicKuthu update is a riot

With SK, Ani &amp; Nelson, three is company &amp; not a crime

I have used this template twice in conversations already

#Beast https://t.co/ObdfR3zdTb","['ArabicKuthu', 'Beast']"
19,abhirawat2940,I m hardworking # positive # funny,"Dehradun, India",@sistoney67 @WestHam Westham united is such a fucked up club dont have guts to play without the person who committed crime against animals same on you west ham united,[]
20,ASJ_CG,"â™‰
Writerâœ Christianâ˜ğŸ¾ LoverğŸ–¤ FighterâœŠğŸ¾ BossğŸ‘‘ bout #CAHHâ—

 Coming back soon... ğŸ’¯ #PDXğŸŒ¹

Creator of the Humble Hitter series
#COAHH",Gone...,"Critically acclaimed the next best #Original #BookSeries!! 

#COAHHğŸ’£
#Mustreads #Crime #thriller #novel
Based out of #PDX #facts #Explosive
""Jason Bourne meets Urban fiction.""

Produced by,
C.A.H.H https://t.co/gWHnfQZ2JN","['Original', 'BookSeries', 'COAHH', 'Mustreads', 'Crime', 'thriller', 'novel', 'PDX', 'facts', 'Explosive']"
21,AhdeyaAhmed,"â€â€â€Ø§Ù„Ø±Ø¦ÙŠØ³ Ø§Ù„Ø³Ø§Ø¨Ù‚ Ù„Ø¬Ù…Ø¹ÙŠØ© Ø§Ù„ØµØ­ÙÙŠÙŠÙ† Ø§Ù„Ø¨Ø­Ø±ÙŠÙ†ÙŠØ©.Ø¥Ø¹Ù„Ø§Ù…ÙŠØ©ÙˆÙƒØ§ØªØ¨Ø©.Ø­Ø§ØµÙ„Ø© Ø¹Ù„Ù‰ Ø¬Ø§Ø¦Ø²Ø© Ø§Ù„Ù…Ø±Ø£Ø© Ø§Ù„Ø¹Ø±Ø¨ÙŠØ© ÙÙŠ
Ø§Ù„ØµØ­Ø§ÙØ©
Journalist of the Year Award Winner,London Arabia Org.2019",Bahrain,"Houthis have sentenced four Yemeni journalists to death.Please join the International Federation of Journalists campaign to stop the Houthis crime against our colleagues.
@IFJGlobal
@ifjasiapacific
@IFJ_AR
Please join me&amp; add your name to this open letter  https://t.co/evnL0Etmk0",[]
22,theowais16,"BSBA-HRM Master of Education MA.Urdu
Fully Digitized Brain.Influenced by Anti Bullying Act n Anti Discrimination Act AwaisSpeaks/Quotes
https://t.co/LBzKZyz80m",Pakistan,Workplace Bullying Detail Most Common crime in Pakistan Anti bullying act in USA Reforms in USA https://t.co/97stfhnOyB,[]
23,sachinRAJmavale,Centrally central... political thinker... Human being... Gandhian... Physician by profession.,"Nashik, India",@AnshulJ22106214 @ReallySwara https://t.co/HGdrEKt2da that was a crime against humanity and justice has been delivered,[]
24,ishatvaf,"pajeet pol science senior, aspiring ir dudebro @ ramjas | oil money enthusiast | 21 | @ManCity","New Delhi, India",that weird earbleed inducing music clip from tanhaji is a crime against humanity,[]
25,faisal1292,"Entrepreneur, Doctor of philosophy in AI ,extrovert,philanthropist, believes in smart work, Excursionist","Greater Noida, India","Never imagined that we will see this type of  Hatred In india where covering full body will be a crime.

#HijabIsIndividualRight",['HijabIsIndividualRight']
26,TheNationalNews,"The Middle East. Explained. The official Twitter feed of The National, the UAE and Middle East's premier news source, with top stories and special features.","Abu Dhabi, UAE","UAE making 'strong progress' in fight against financial crime, says Sheikh Abdullah bin Zayed https://t.co/gQU7Ed1OrT",[]
27,khawar_0fficial,Living my life on my own terms .,"Rawalpindi, Pakistan ",Masha Allah Millions Salute to my  Brave Sister who is Protesting alone for Her fundamental right in Karnataka. Wearing Hijab is not a Crime. #Muskan,['Muskan']
28,blissful_blue,@philanthropist,"Chennai, India",@Ammi_97 How by humiliating a person they can justify their actions..who gave this right..to do such henious crime..if their family person are also supporting this..thn this was their upbringing..it's a shame.. and if still they weren't behind the bars thn it was shame to Indian judiciary,[]
29,nishvi_khan,"Proud to be PakistaniğŸ‡µğŸ‡°ğŸ‡µğŸ‡° â™¥ï¸ğŸ¥° ...
Mueen Ud Deen Surgical Technician..ğŸ’‰ğŸ’Š","Lahore, Pakistan","#Islamophobia
#AllahuAkbar 
#HijabisOurRight 
#HijabIsFundamentalRight
Does Any Religion on Earth permit this CRIME against a Woman ?
Is this What ?  Will Majority Indians Still Remain Silent and Mute Spectators?
SOLUTE TO THE BRAVE GIRL... https://t.co/Bokd1obVIJ","['Islamophobia', 'AllahuAkbar', 'HijabisOurRight', 'HijabIsFundamentalRight']"
30,britshevik,"Marxist. Socialist Appeal and IMT member. My posts are not representative of IMT or Socialist Appeal, I don't claim to be a perfect Marxist theoretician.",yes,"@pmitch69 @plodicuspip @andyw47 @sg1985bwfc @anthony19641888 @Rachael_Swindon No, I'm asking what bearing they have on the immunity to law. Did he commit a crime in Britain? Or are you being obtuse by implying that when I wrote they are above the law that they are above all law around the world? Is that what you're trying to say?",[]
31,itsm0hammed,ğŸ‡¸ğŸ‡³,Pain,"@montionthebeat Hmmmm
1-A little life 
2-The La bb murder cases and crime and punishment 
3-Scythe 
And also alot of Greek and Roman books 
ALOTTTT of Agatha Christie books I had to mention them",[]
32,thatonehousefly,Video game enthusiast. Not into politics. Watch football sometimes,"Peshawar, Pakistan","@HavierDaJesus @GameSpot Bro, you're thinking of the Sims. GTA isn't a real world simulator. It's just an open world crime sandbox game. Comparing it to rdr2 is like comparing apples and oranges.",[]
33,NaseelVoici,"Journalist  | Author |  
Prisoner of Conscience ğŸŒ¿","Kozhikode, India","Trying to understand #Hinduism.

What does the religion says about hate-mongering and crime against other community? What does it says about bigotry &amp; attack against woman?

Asking the respected learned ones  @AcharyaPramodk &amp; @ShashiTharoor 

Thank you ğŸ™ 

#Hindu #Karnataka","['Hinduism', 'Hindu', 'Karnataka']"
34,AfnanGulTweets,"Pashtun, Bussinessman, Youtuber","Islamabad, Pakistan","Masha Allah Millions Salute to my  Brave Sister who is Protesting alone for Her fundamental right in Karnataka. Wearing Hijab is not a Crime.If these unwanted activities will happen incessantly in future.There will be another division very soon like 1947.
#AllahuAkbar https://t.co/8BBCJQ5Zd3",['AllahuAkbar']
35,realdhruvgalot,"Spokesperson @CYSS_AAP| President West Zone CYSS| 
DU 23
A foodie, book reader,  political influenced and after all that I'm a student full of aspirations.","New Delhi, India","Today we protested against the DU administration regarding the reopening of Delhi University. 

Delhi police manhandled our volunteers. This is unacceptable. 
If fighting for our campus, education and future is a crime, then put us all behind the bars. 
#reopendelhiuniversity https://t.co/gv1uWtUuAv",['reopendelhiuniversity']
36,dailystarnews,"Bangladesh's largest English Daily. The latest & breaking news, features, analysis and more from @dailystarnews.",Bangladesh,"A 12-year-old boy's head was shaved off by a man in Jhalakathi for reportedly sporting a ""stylish"" haircut, while a 14-year-old boy faced the same humiliation from a Union Parishad member for allegedly stealing a mobile phone in Patuakhali.
#Bangladesh 
https://t.co/lNiLv5KtP3",['Bangladesh']
37,rajrahul28,"à¤­à¤¾à¤°à¤¤ à¤•à¥‡ à¤¸à¤‚à¤µà¤¿à¤§à¤¾à¤¨ à¤•à¥‡ à¤…à¤²à¤¾à¤µà¤¾ à¤•à¤¿à¤¸à¥€ à¤”à¤° à¤µà¤¿à¤šà¤¾à¤°à¤§à¤¾à¤°à¤¾ à¤®à¥‡à¤‚ à¤•à¥‹à¤ˆ à¤¦à¤¿à¤²à¤šà¤¸à¥à¤ªà¥€ à¤¨à¤¹à¥€à¥¤
à¤®à¤¹à¤¿à¤²à¤¾ à¤¬à¤¿à¤°à¥‹à¤§à¥€ à¤¸à¥‹à¤š à¤¸à¥‡ à¤¨à¤«à¤°à¤¤ à¤¹à¥ˆà¥¤",BIHAR,"@puneetsinghlive If there are children of OBC SC ST also in the commotion in Karnataka, then this is a very dangerous crime, he should be given capital punishment. It is understood by the upper caste children that they must be doing this for their religion",[]
38,klokhandwala123,,"Mumbai, India","If goverment had legalised euthanasia then this wouldnt hv been the case. Extremely sad. 
@PMOIndia @TOIMumbai @TOIIndiaNews @RahulGandhi
@htTweets @IndianExpress @MumbaiLiveNews @CMOMaharashtra @priyankagandhi
https://t.co/JRnuJrgvdA",[]
39,abdulqadeer03,"Social Scientist, Journalist, Co-Founder @GYAssociation Tweets are my personal thoughts, Retweets are not endorsements. Columnist for @baaghitv.com","Islamabad, Pakistan","Does Any Religion on Earth permit this CRIME against a Woman ?

Is this What ?  Will Majority Indians Still Remain Silent and Mute Spectators.? 
Salute to this Brave Girl. 
 #AllahuAkbar https://t.co/FYa6TiUpvi",['AllahuAkbar']
40,Kavitharaodb,"Whatever Happens, Happens for Good!!!",Mysore,After a long time #Appeal as a crime novel is just amazing.. the format itself is so edgy,['Appeal']
41,JahanWriter,Follow me I am Follow back 100%,"Bhopal, India",@OpIndia_com @junedyeldoz This is crime tease muslims students hijab school college principal risponsbilty. Always muslims tease seldom mosques bawri distoroy Quran insult namaaz insalt Azaan insalt hijab this world is not any body any government muslim lady first Aftab jahan writer Twitter dua others,[]
42,bxtskr,"crip + abolitionist scholar. disabled, trans, loud about it. they/them ğŸ³ï¸â€âš§ï¸ currently: @latashaforpa @zarahforpa32 @xander4mdj",pgh,"@Yinzer1983 @Paint1963 ""crime infested"" tell me you haven't been to Lawrenceville since 2008 without telling me you haven't been to Lawrenceville since 2008",[]
43,fuckkarls,ğŸ‡²ğŸ‡½ğŸŒˆ â™ˆï¸ â™¡ robert pattinson fan page | bimbo in trainingğŸ’— $fucknomiko,IL,@ComeDawg war crime ?! https://t.co/oLZZSuUkUC,[]
44,_0hmaya,,,Listening to true crime podcast while in the middle of a jungle ğŸ˜¤,[]
45,TheNumptyDance,sporto. motorhead. geek. slut. blood. wastoid. dweebie. dickhead. RTs are endorsements.,atx,is it cops and non-violent crime https://t.co/og3vxUZ4q9,[]
46,prasadpn,"Prasad @ panruti 
Bits Pilani
Microplus Computers",Pondicherry,"US Seizes $3.6 Billion of Stolen Bitcoin in Record Haul, Arrests Couple Involved in Crime https://t.co/0rjt5xYl03",[]
47,Phoebs_16,,India,"Happy Birthday My partner in crimeâ¤
Love you to the moon and back babeâ¤ğŸ˜š
So now you can officially read 18+ ffs, so happy for youğŸ˜‚â¤
Humesha khush reh gandu and don't throw so much tantrumsğŸ˜šâ¤
@SaavanAayaHain https://t.co/0ljRFVqU3h",[]
48,tags1980,Social and political scientist,unknown,@MKomichi Basking on the glory of the deceased .can someone reprimand komichi not to abuse  MRT in his grave .. Disrespecting the dead is a crime agnst our cultural values and traditional beliefs .,[]
49,samike88,"MY SUNSET PAINTING 1999. SUPPORT POLICE,LAW & JUSTICE. Once proud Canada now just a shell & Bankrupt.YOUR political leaders are lying to U . Do Your Research",CANADA EAST ,"CRIMES AGAINST #HUMANITY 
GRAND JURY  &amp; the Truth.
 
SADLY  YOUR  MAIN TV CHANNELS WILL NOT 
CARRY THE PROCEEDINGS as they are part of the 
conspiracy to push this crime forward say many lawyers and doctors. Doctors are not immune to the crimes.
https://t.co/nOYkDwSUlL",['HUMANITY']
50,yasinhamidani,Indian - Entrepreneur | Visiting Faculty - Mum University | Struggling Muslim | Tweets Are Personal Opinion| PR & Digital Marketing Specialist| Brand Developer,"Mumbai,india","This video clearly indicates the upbringing of these kids and how they are brain washed into religion fights for #BJP agenda to divide the country. Those days aren't far when these future will be jobless &amp; only left to do crime, drugs and violence in India #HijabRow https://t.co/tVYRdzwrCG","['BJP', 'HijabRow']"
51,sanalnly,Online Newspaper in the world,"Dubai, United Arab Emirates","Recall - Official Trailer (2018) Michael James Regan, Tommy James Murphy - Crime/Drama HD
https://t.co/8WzXe9bPnV",[]
52,saqib_nazir,"https://t.co/NFRaukFTwg as a Sr.Executive for TradeRelation Dept,  Also work in https://t.co/o5GfPfK9Pe perform SEO (On & Off Page Task) SEM task, than Softnology.",Pakistan,@endsubcontracts @LifeAtLUMS Corruption Bankruptcy Legal Crime Illegal Fraud Blockchain Crypto Money Laundering NUST LUMS Oxford MIT University.,[]
53,GoaIpob,"BIAFRA FREEDOM IS THE REAL GLOBAL WARNING!
BIAFRA FREEDOM IS SACROSANT,DIVINE & HEAVENLY MANDATE. COVID-19 IS A PLAGUE FROM GOD BECAUSE THE WORLD IGNORE BIAFRA!",Goa India,"Humiliation is a crime, oppressing is a crime,
Terrorist is a crime,
Bandit in a country is crime 
Group of hersman also commenting a crime in jungle country called Nigeria, all this group committing this crime is Fulani caliphate and Fulani caliphate jihadist rule the country.",[]
54,JubbaOnJeans,"Idly-Dose fan. 
Writing https://t.co/F6s5tXWv0R
InfoSec
Journalism
Tech
Cricket
Bangalore
Birding
Security @razorpay . Formerly @sw_integrity. Tweets my own","Bengaluru, India",@akshayalladi 'lawlessness' makes it seem like it's a crime. Who exactly are the victims of loose enforcement of school uniforms?,[]
55,INCRajenPalani,"Healthcare Professional , General Secretary-North Central District Congress Committe. https://t.co/GegB3hp51m https://t.co/rezgifY8Fc","Mumbai, India","@rais_shk On one hand we speak of #girlsafety #womensafety and on other hand we encourage such heinous crime ! Will we digest this incidence if it would have been a Hindu Girl ?
Karnataka Govt should take strict action against such group !","['girlsafety', 'womensafety']"
56,RVWhitkerFE,end me | If I like slightly NSFW art then it likely means Iâ€™m depressed,Bed,@Schaffrillas Inside not getting any nominations is a crime.,[]
57,INCRajenPalani,"Healthcare Professional , General Secretary-North Central District Congress Committe. https://t.co/GegB3hp51m https://t.co/rezgifY8Fc","Mumbai, India","@KrisNair1 Itâ€™s proved ! On one hand we speak of #girlsafety #womensafety and on other hand we encourage such heinous crime ! Will we digest this incidence if it would have been a Hindu Girl ?
Karnataka Govt should take strict action against such group ! https://t.co/EfkxbggIRD","['girlsafety', 'womensafety']"
58,Scimitar_SS,"Winter is upon us. Unless we #DestroyTheAadhaar & #BanDigitalElections, this night is going to be dark & full of terrors.",Poona,"Evey crime is a Covid crime

Behold the #BioSecurity state 

#BioTerrorism #DoNotComplyEVER #IwillNOTComply #VaccineAgenda #Plandemic #Scamdemic https://t.co/P0r0ElLhQQ","['BioSecurity', 'BioTerrorism', 'DoNotComplyEVER', 'IwillNOTComply', 'VaccineAgenda', 'Plandemic', 'Scamdemic']"
59,INCRajenPalani,"Healthcare Professional , General Secretary-North Central District Congress Committe. https://t.co/GegB3hp51m https://t.co/rezgifY8Fc","Mumbai, India",On one hand we speak of #girlsafety #womensafety and on other hand we encourage such heinous crime ! Will we digest this incidence if it would have been a Hindu Girl ? Karnataka Govt should take strict action against such group ! #ABVPTerrorismInKarnataka https://t.co/1qZWKW1YGT,"['girlsafety', 'womensafety', 'ABVPTerrorismInKarnataka']"
60,umeshpaul007,Creation Innovation Relation Digitalisation ( G.SYSTEM ANALYSIS)Endorsement,Delhi India,Decisions Your Crime or Development correct vote Support https://t.co/laJxf0yQin https://t.co/QL8o6MYf8J,[]
61,PraashantR,Deals in Pressure Garments and Orthotic Products this is official account of Praashant from Zila Ghaziabad....so call Seculars pls avoid me...(PROUD HINDU),"Ghaziabad, India","@ReallySwara If a muslim wear Burqa inside the college premises that's not a problem but if a Hindu wear bagwa inside the college premises that's a crime. Why?PS: ""Educational institutions have their own dresscode, Please don't turn it into the religious https://t.co/MIBLUQWiqH offence to any",[]
62,reni_01_rzzz,"#LoveIndia
#JaiHind","Uttar Pradesh, India",@Aelaaa12 @pranav_sk @OnPathOfSeeking @boomlive_in @RifatJawaid @BombayBombil Even Muslims are minority still they contribute alot towards crime in India more than any other fields in India.,[]
63,imkhan5csn,Self-Employed,"Chalisgaon, Maharashtra, India","Millions Salute to my Brave Sister who is Protesting alone for Her fundamental right in #Karnataka Wearing Hijab is not a Crime.If these unwanted activities will happen incessantly in future.There will be another division very soon like 1947.
#HijabRow 
#KarnatakaHijabRow https://t.co/JpFJXdn1kz","['Karnataka', 'HijabRow', 'KarnatakaHijabRow']"
64,gugguluu,,"Gurgaon, India",Is stealing a couple of Gems while opening the packet for a kid a crime?,[]
65,KalmatiHamad,HSK,"Sindh, Pakistan",Collective punishment is a crime how can you abduct students who wants nothing but only education?!  #ReleaseHafeezBaloch https://t.co/w5DsDPTK78,['ReleaseHafeezBaloch']
66,VijayHar01,"Engineer By Profession
Advocate By Nature","Chandigarh, India","@KumaarSaagar @CPDelhi No national TV cover &amp; Telecast this news!!
Painful reality /most socity don't want to see it/ So national media only telecast where Men did crime! https://t.co/dtItuyZfJ7",[]
67,FazalAb52727217,Justice delayed justice denied. Compensation is not justice. If there is justice there is peace and amity. Ù…Ù† ÙƒØ§Ù† ÙŠØ¤Ù…Ù† Ø¨Ø§Ù„Ù„Ù‡ Ùˆ Ø§Ù„ÙŠÙˆÙ… Ø§Ù„Ø¢Ø®Ø± ÙÙ„ÙŠÙ‚Ù„ Ø®ÙŠØ±Ø§ Ø£Ùˆ Ù„ÙŠØµÙ…Øª,Ø§Ù„Ù‡Ù†Ø¯,"The crime that has happened with Muskan, the Hijaabi has disclosed that PM and home minister are deaf and dumb.",[]
68,Rohit_6400,,"Bela Pratapgarh, India","@mpsangamlal @narendramodi @JPNadda @AmitShah @myogiadityanath @swatantrabjp @BJP4India @BJP4UP Justice is not being served to Innocent Sant Shri Asharamji Bapu since last 9 years. He is being continuously Tortured for committing no crime. 
We Demand Justice For Bapuji
#à¤¹à¤®_à¤µà¥‹à¤Ÿà¤°à¥‹à¤‚_à¤•à¥€_à¤®à¤¾à¤‚à¤—_à¤¬à¤¾à¤ªà¥‚à¤œà¥€_à¤•à¥€_à¤°à¤¿à¤¹à¤¾à¤ˆ https://t.co/QtagVsVx0J",['à¤¹à¤®_à¤µà¥‹à¤Ÿà¤°à¥‹à¤‚_à¤•à¥€_à¤®à¤¾à¤‚à¤—_à¤¬à¤¾à¤ªà¥‚à¤œà¥€_à¤•à¥€_à¤°à¤¿à¤¹à¤¾à¤ˆ']
69,sohairarif97,"Compassionate, Blogger, Communicator & Researcher.","Karachi, Pakistan","""Poverty is the parent of revolution and crime.""
-
{Aristotle}
-
Prophet Muhammad Islam Syria Yemen Lioness #AllahHuAkbar #Sherni #HijabRow Karnataka Messi","['AllahHuAkbar', 'Sherni', 'HijabRow']"
70,AndyBajaj53,à¤­à¤¾à¤°à¤¤à¥€à¤¯,India,@smarket You can't forget their partners in crime especially in India. Red &amp; Green,[]
71,Vinay4559,"""à¤…à¤¹à¤¿à¤‚à¤¸à¤¾ à¤ªà¤°à¤®à¥‹ à¤§à¤°à¥à¤®à¤ƒ à¤§à¤°à¥à¤® à¤¹à¤¿à¤‚à¤¸à¤¾ à¤¤à¤¥à¥ˆà¤µ à¤š:

à¤§à¤°à¥à¤® à¤à¤µ à¤¹à¤¤à¥‹ à¤¹à¤¨à¥à¤¤à¤¿ à¤§à¤°à¥à¤®à¥‹ à¤°à¤•à¥à¤·à¤¤à¤¿ à¤°à¤•à¥à¤·à¤¿à¤¤à¤ƒ ||
à¤¤à¤¸à¥à¤®à¤¾à¤¦à¥ à¤§à¤°à¥à¤®à¥‹ à¤¨ à¤¹à¤¨à¥à¤¤à¤µà¥à¤¯à¥‹ à¤®à¤¾ à¤¨à¥‹ à¤§à¤°à¥à¤®à¥‹ à¤¹à¤¤à¥‹à¤½à¤µà¤§à¥€à¤¤à¥ ||
 follower of @ShivaShakthiOrg",India,@swathi_gls @jsaideepak Stating facts with or without any malifide intentions is a crime for you.,[]
72,Rohit_6400,,"Bela Pratapgarh, India","Justice is not being served to Innocent Sant Shri Asharamji Bapu since last 9 years. He is being continuously Tortured for committing no crime. 
We Demand Justice For Bapuji
#à¤¹à¤®_à¤µà¥‹à¤Ÿà¤°à¥‹à¤‚_à¤•à¥€_à¤®à¤¾à¤‚à¤—_à¤¬à¤¾à¤ªà¥‚à¤œà¥€_à¤•à¥€_à¤°à¤¿à¤¹à¤¾à¤ˆ https://t.co/1QmaDqLiTg",['à¤¹à¤®_à¤µà¥‹à¤Ÿà¤°à¥‹à¤‚_à¤•à¥€_à¤®à¤¾à¤‚à¤—_à¤¬à¤¾à¤ªà¥‚à¤œà¥€_à¤•à¥€_à¤°à¤¿à¤¹à¤¾à¤ˆ']
73,humanrits4men,"Work 4 Men's Welfare & coruption. #MRA, Shout for #ShareParenting #MensCommission.",India,"In the name of empowerment can woman free for crime?
#FeminismIsCancer &amp; destructive thoughts 4 society @IamSumanDe @singer_shaan @childLOVEpapa @amitdeshmra @BJP4Bengal @INCWestBengal @MoupiaNandy @ranjanakumari @parthasa @ANI @aroyfloyd @PTI_News @a_talukdar https://t.co/vBpTGyZq7O",['FeminismIsCancer']
74,midomarely,"Human Rights activist, Socialist Journalist, Feminist & Humanitarian Worker
G. Director of @wcdhr_ye Organization
 #StopArmingSaudis 
#Resister #YemenCantWait","Hyderabad, India","SAVE YEMENI CHILDREN FROM MAN-MADE PREVENTABLE WAR CRIME!
YEMEN CAN'T WAIT 

#YemenCantWait 
#StandUpForYemen 

Donate online at https://t.co/LHyxBOthZr https://t.co/CWeHzz32nP","['YemenCantWait', 'StandUpForYemen']"
75,sumitsonii,"Global Citizen, Sports Enthusiast, Entrepreneur, Active Citizen @narendramodi is my Karma Yogi. Defence and Geopolitics","New Delhi, India",This #KarnatakaHijabRow is to hide thier Jihadi crime of #KishanBharvad murder. https://t.co/rodwOE7vNM,"['KarnatakaHijabRow', 'KishanBharvad']"
76,kulapatpat,TU79 | nitade cu 55 | watch and make movies #movietwit,"Bangkok, Thailand",The French Dispatch à¹„à¸¡à¹ˆà¹„à¸”à¹‰à¸Šà¸´à¸‡ production design = CRIME,[]
77,ShahNawazAdvoc4,"Advocate, Gauhati High Court",,"If you don't want a country without Muslims please let us know .. From the day your Government came u all have finished out our brotherhood. Is it a crime wearing a burkha?
@narendramodi @PMOIndia @rajnathsingh @AmitShah",[]
78,ShabnamBayani,journalist @Alarabiya from Afghanistan ğŸ‡¦ğŸ‡« based in Dubai ğŸ‡¦ğŸ‡ª statements here are my personal opinion and view,"Dubai, United Arab Emirates","@Abdennour_101 @Massoud151 @AlArabiya @DubaiPoliceHQ Yes and I will say it again , more power to this woman who killed two terrorist Taliban, killing terrorists who have killed thousands of innocent people in last 20 year isnâ€™t crime",[]
79,gulf_news,We don't just cover the news - we uncover the truth. The official Twitter feed from Gulf News.,United Arab Emirates,"#Dubai, #India sign agreement for cross-border financial supervision

DFSA, IFSCA MoU to help clamp down on financial crime as well 

https://t.co/CQyJJhD1Z1","['Dubai', 'India']"
80,Farhadbaloch54,"student of economic at NUML University

member of @BSCIslamabad","Islamabad, Pakistan","Hafeez baloch a final year student of Mphil physics studying in Quaid-i-Azam Uni was abducted by security personnel from his home town khuzadr in a academy infront of his students. No matter from what walk you belong being a baloch is a crime in this state
#ReleaseHafeezBaloch https://t.co/v82Z7MtJdD",['ReleaseHafeezBaloch']
81,SMoran99,Military grade algorithm expert ğŸ’» Pattern analysis and deductive reasoning  ğŸ‡ºğŸ‡¸ Quantum prediction: Game Theory ğŸ¦…  Your rights end where my rights begin ğŸ’ª,MA,"Democrats have already committed the most egregious crime in US history (2020 election), now they are just padding their resumes https://t.co/rctbUzeslK",[]
82,abhiawakes,"à¤à¤•à¤¾à¤•à¥€ à¤”à¤° à¤…à¤•à¤¿à¤‚à¤šà¤¨ à¤¹à¥‹, à¤œà¥‹ à¤­à¥‚-à¤ªà¤°à¤¿à¤•à¥à¤°à¤®à¤¾ à¤•à¥‹ à¤¨à¤¿à¤•à¤²à¥‡,
à¤¹à¥‹ à¤—à¤ à¤ªà¤‚à¤—à¥, à¤ªà¥à¤°à¤¤à¤¿-à¤ªà¤¦ à¤œà¤¿à¤¨à¤•à¥‡, à¤‡à¤¤à¤¨à¥‡ à¤…à¤¦à¥ƒà¤·à¥à¤Ÿ à¤•à¥‡ à¤¦à¤¾à¤µ à¤šà¤²à¥‡!
... à¤‰à¤¨à¤•à¥‹ à¤ªà¥à¤°à¤£à¤¾à¤®","Ajmer, Rajasthan, INDIA","@AdityaRajKaul Post karne wale employees ko punishment kya diya?

Thts is not apology, they didn't said they apologize. They only ""regretted"", as if they have no part in this crime against India.

Plus, statements are from Indian units, not from their HQs.

Can pardon a mistake, but not crime.",[]
83,M_LuQmanAshraf,Studying.....,,"This video is from today and this is not Afghanistan but India, it has become crime for MuslimGirl to wear Hijab and go to school now. 100s of Pro RSS namurd are terrorising &amp; harassing this ONE Muslim girl just because of her attire and the international community is silent? https://t.co/Ns5gBM6nxR",[]
84,plumeriamovies,"Many Things for Film Lovers. | Film Reviews, and Features | PR Agency | Business and OTT Consultant",Chennai,"#TheTinderSwindler 
Netflix

True story of a conman who used the Tinder Dating app to live a life of luxury defrauding women. This true-crime documentary is as good as any crime thriller movie. Give it a try. https://t.co/aq65RWNOdm",['TheTinderSwindler']
85,dumbRehoboam,"video editor/ filmmaker
i love history , arts and cinema","Lahore, Pakistan",@TalatHussain12 Thats was his crime,[]
86,l4h0r1k1ll3r,Punjabi Muslim,Lahore,@Davidlit3 @_merajhasan Fazool theories aur scenarios shuru. You Pak Nats had no problem with the deluge of Afghan refugees who came over and ended up becoming vectors for terror and crime but suddenly an IM visitor could be a potential spy.,[]
87,shah_sheikh,Cyber Security Professional / Enthusiast / Founder.,"Dubai, United Arab Emirates",Vodafone Portugal hit by a massive cyberattack: A cyberattack hit Vodafone Portugal causing severe outages in the country of its communication and television services. Vodafone Portugal suffered a major cyberattack that caused service outages in theâ€¦ https://t.co/4TVfDbZVpz,[]
88,AbbasDayal110,"'My loathings are simple: stupidity, opression, crime, cruelty, soft music'. Vladimir Nobokov",Gilgit-Baltistan,"Does Any Religion on Earth permit this CRIME against a Woman ?
Is this What ?  Will Majority Indians Still Remain Silent and Mute Spectators?
SOLUTE TO THE BRAVE GIRL...
#HijabRow #Islamophobia https://t.co/TOK6Wv7zRd","['HijabRow', 'Islamophobia']"
89,Ianwarulhoda,"YouTube Channel Manager @videovolunteers, 
Assistant Editor @nationalindia44","Bihar, India","Today is birthday of Athar Khan who is Wrongfully Imprisoned for last 20 months. He's only crime in the eyes of oppressive state is that he stood tall strong for the rights and against the fascist regime. We stand in solidarity and wish him a lot of love, power and strength. https://t.co/ZRjdNHeGQX",[]
90,Chethan2500,,Bangalore ,"@ANI SDPI is an islamic party. They are trying to pin everything on one party. Shame on government of karnataka. 
Trust me they will arrest muslim people for this. 
All is done to defame one particular community. This is beyond crime.",[]
91,bs_hariharan3,Proud Hindu Brahmin. Spiritual practioner as per our Dharma. I am a disciple of Sringeri Matt. Follower of Sadhguru. Practice Yoga &Sambhavi Mudra,Bharat,@Rajendrap1078 They have not apologised for the crime committed but regretting.  This shows their intention after committing a huge mistake in our country.#BoycottKiaMotors,['BoycottKiaMotors']
92,MahendraBinwani,"22~ 
 

à¤œà¤¯ à¤®à¤¾à¤ à¤­à¤¾à¤°à¤¤à¥€ â¤",,"Justice is being Delayed for last 8+ years and 85+ years old Innocent Sant Shri Asharamji Bapu is being harassed for commiting no crime.#à¤¹à¤®_à¤µà¥‹à¤Ÿà¤°à¥‹à¤‚_à¤•à¥€_à¤®à¤¾à¤‚à¤—_à¤¬à¤¾à¤ªà¥‚à¤œà¥€_à¤•à¥€_à¤°à¤¿à¤¹à¤¾à¤ˆ
Nation Demands Justice For Bapuji ! https://t.co/p4KaWfoLB6",['à¤¹à¤®_à¤µà¥‹à¤Ÿà¤°à¥‹à¤‚_à¤•à¥€_à¤®à¤¾à¤‚à¤—_à¤¬à¤¾à¤ªà¥‚à¤œà¥€_à¤•à¥€_à¤°à¤¿à¤¹à¤¾à¤ˆ']
93,ismailparvez79,"Ø¨ÙˆÙ„ ØªÙˆ Ø³Ú©ØªÛ’ ÛÛŒÚºÛ”
Ø§Ù¾Ù†ÛŒ  Ø³ÛŒ Ú©ÙˆØ´Ø´ Ú©Ø±ÛŒÙ†Ú¯Û’Û”Ú©Ø± Ø¯Ú©Ú¾Ø§Ø¦ÛŒÚº Ú¯Û’Û”Ø§ØµÙ„Ø§Ø­ ÛÙˆÚ¯ÛŒÛ”ÛÙ…ÛŒÚº ÛØ±ÙˆÙ‚Øª Ø¨Ú¾ÙˆÚ© Ø§ÙˆØ± Ø±Ø³ÙˆØ§Ø¦ÛŒ Ù†ÛÛŒÚº Ù…Ù‚Ø¯Ø±Û”",ğŸ‡µğŸ‡° ,Crime? https://t.co/nNALcx8sCq,[]
94,Jackyaarkyun,Benzene-gendered || Aromatic/Polar || LFC || Arjun Erigaisi,"Kolkata, India",@wanshfr @Itachi_Reborn_ What a less crime rate in gurgaon,[]
95,p_nivedita2,General Manager @ Elcon Cable Trays Pvt. Ltd.,Pune ,@Supriyas_tadka In this I was partner of Crime ğŸ˜œğŸ˜‹,[]
96,dhingra65,"** à¤®à¤§à¥à¤° à¤®à¤§à¥à¤° à¤¨à¤¾à¤® à¤¹à¤°à¤¿ à¤¹à¤°à¤¿ à¥ **
Asstt. Manager (Per.) (Retired)","Ambala, India","@Mohan54329180 #à¤¹à¤®_à¤µà¥‹à¤Ÿà¤°à¥‹à¤‚_à¤•à¥€_à¤®à¤¾à¤‚à¤—_à¤¬à¤¾à¤ªà¥‚à¤œà¥€_à¤•à¥€_à¤°à¤¿à¤¹à¤¾à¤ˆ 
We demand that innocent Sant Shri Asharamji Bapu be released ASAP as He is suffering for the last 9 yrs without any crime.
Justice For Bapuji https://t.co/AbFdstF4Ow",['à¤¹à¤®_à¤µà¥‹à¤Ÿà¤°à¥‹à¤‚_à¤•à¥€_à¤®à¤¾à¤‚à¤—_à¤¬à¤¾à¤ªà¥‚à¤œà¥€_à¤•à¥€_à¤°à¤¿à¤¹à¤¾à¤ˆ']
97,Shaurya92892211,"à¤—à¤¾à¤¯à¤¨à¥à¤¤à¤¿ à¤¦à¥‡à¤µà¤¾à¤ƒ à¤•à¤¿à¤² à¤—à¥€à¤¤à¤•à¤¾à¤¨à¤¿ à¤§à¤¨à¥à¤¯à¤¾à¤¸à¥à¤¤à¥ à¤¤à¥‡ à¤­à¤¾à¤°à¤¤à¤­à¥‚à¤®à¤¿à¤­à¤¾à¤—à¥‡ à¥¤
à¤¸à¥à¤µà¤°à¥à¤—à¤¾à¤ªà¤µà¤°à¥à¤—à¤¾à¤¸à¥à¤ªà¤¦à¤®à¤¾à¤°à¥à¤—à¤­à¥‚à¤¤à¥‡ à¤­à¤µà¤¨à¥à¤¤à¤¿ à¤­à¥‚à¤¯à¤ƒ à¤ªà¥à¤°à¥à¤·à¤¾à¤ƒ à¤¸à¥à¤°à¤¤à¥à¤µà¤¾à¤¤à¥ à¥¥",,"@IAmDharmendra_ For 9 years Sant Shri Asharamji Bapu had been harrassed for the crime which never happened. Convicted padris &amp; maulvis are easily bailed while Govt.always negatively interfere in fake case. No release then no vote this time. 
Justice For Bapuji
#à¤¹à¤®_à¤µà¥‹à¤Ÿà¤°à¥‹à¤‚_à¤•à¥€_à¤®à¤¾à¤‚à¤—_à¤¬à¤¾à¤ªà¥‚à¤œà¥€_à¤•à¥€_à¤°à¤¿à¤¹à¤¾à¤ˆ https://t.co/3VjIAxqboK",['à¤¹à¤®_à¤µà¥‹à¤Ÿà¤°à¥‹à¤‚_à¤•à¥€_à¤®à¤¾à¤‚à¤—_à¤¬à¤¾à¤ªà¥‚à¤œà¥€_à¤•à¥€_à¤°à¤¿à¤¹à¤¾à¤ˆ']
98,PluviophilePoet,Some Cricket. Some poetry. An old era no one talks about ..,"Tripura, India",Best series on planet earth is Crime Patrol. (+_+) Nothing comes close.,[]
99,rachajeons,certified yeosang simp                â˜…â˜† she/herÂ¹âµ,multi ,the fact that i don't have spotify premium is a hate crime ğŸ˜’,[]
